Year,Countryˇˇ,Region,Song language,Artistˇˇ,Songˇˇ,English translationˇˇ,Placeˇˇ,Pointsˇˇ,Host country,Host region,Home/Away Country,Home/Away Region,Approximate Betting Prices,Albania ,Andorra ,Armenia ,Austria,Azerbaijan ,Belarus ,Belgium ,Bosnia and Herzegovina ,Bulgaria ,Croatia ,Cyprus ,Czech Republic ,Denmark ,Estonia ,Finland ,France ,Georgia,Germany ,Greece ,Hungary ,Iceland ,Ireland ,Israel ,Latvia ,Lithuania ,Macedonia ,Malta ,Moldova ,Monaco,Montenegro ,Netherlands ,Norway ,Poland ,Portugal ,Romania ,Russia ,San Marino,Serbia ,Serbia & Montenegro,Slovakia ,Slovenia ,Spain ,Sweden ,Switzerland ,Turkey ,Ukraine ,United Kingdom ,,,,,,,,,,,,,,,,,,,,
2009 SF1,Montenegro,Former Yugoslavia,English,Andrea Demirovi?,"""Just Get Out of My Life""",?,11,44,Russia,Former Socialist Bloc,Away,Away,65.1,,1,5,,,3,0,10,0,,,0,,,0,,,2,,,0,,1,,,8,6,,,,,,,1,0,,,,,,,,0,2,5,,0,,,,,,,,,,,,,,,,,,,,
2009 SF1,Czech Republic,Former Socialist Bloc,"English, Romani",Gipsy.cz,"""Aven Romale""",Come in gypsies,18,0,Russia,Former Socialist Bloc,Away,Home,726.4,,0,0,,,0,0,0,0,,,,,,0,,,0,,,0,,0,,,0,0,,,0,,,,0,0,,,,,,,,0,0,0,,0,,,,,,,,,,,,,,,,,,,,
2009 SF1,Belgium,Western Europe,English,Patrick Ouchäne,"""Copycat""",?,17,1,Russia,Former Socialist Bloc,Away,Away,116.2,,0,1,,,0,,0,0,,,0,,,0,,,0,,,0,,0,,,0,0,,,0,,,,0,0,,,,,,,,0,0,0,,0,,,,,,,,,,,,,,,,,,,,
2009 SF1,Belarus,Former Socialist Bloc,English,Petr Elfimov,"""Eyes That Never Lie""",?,13,25,Russia,Former Socialist Bloc,Away,Home,353.4,,0,4,,,,0,0,1,,,1,,,4,,,0,,,1,,4,,,6,1,,,2,,,,0,0,,,,,,,,1,0,0,,0,,,,,,,,,,,,,,,,,,,,
2009 SF1,Sweden,Scandinavia,"English, French",Malena Ernman,"""La voix""",The voice,4,105,Russia,Former Socialist Bloc,Away,Away,63.3,,7,8,,,7,4,4,0,,,6,,,10,,,4,,,10,,7,,,3,8,,,0,,,,8,4,,,,,,,,,4,4,,7,,,,,,,,,,,,,,,,,,,,
2009 SF1,Armenia,Former Socialist Bloc,"English, Armenian",Inga and Anush,"""Jan Jan""",My dear,5,99,Russia,Former Socialist Bloc,Away,Home,129.5,,0,,,,10,10,1,8,,,12,,,1,,,10,,,2,,10,,,2,0,,,4,,,,0,8,,,,,,,,5,1,10,,5,,,,,,,,,,,,,,,,,,,,
2009 SF1,Andorra,Western Europe,"English, Catalan",Susanne Georgi,"""La teva decisi¢ (Get a Life)""",Your decision,15,8,Russia,Former Socialist Bloc,Away,Away,522.0,,,0,,,0,0,0,0,,,0,,,0,,,0,,,0,,0,,,0,3,,,0,,,,4,0,,,,,,,,0,0,1,,0,,,,,,,,,,,,,,,,,,,,
2009 SF1,Switzerland,Western Europe,English,Lovebugs,"""The Highest Heights""",?,14,15,Russia,Former Socialist Bloc,Away,Away,131.1,,2,0,,,2,0,2,0,,,0,,,5,,,0,,,0,,0,,,0,0,,,0,,,,2,0,,,,,,,,2,,0,,0,,,,,,,,,,,,,,,,,,,,
2009 SF1,Turkey,Independent,English,Hadise,"""DÅm Tek Tek""",?,2,172,Russia,Former Socialist Bloc,Away,Away,16.4,,5,10,,,6,12,12,12,,,5,,,7,,,12,,,7,,6,,,12,10,,,8,,,,5,12,,,,,,,,7,12,,,12,,,,,,,,,,,,,,,,,,,,
2009 SF1,Israel,Independent,"English, Hebrew, Arabic",Noa and Mira Awad,"""There Must Be Another Way""",?,7,75,Russia,Former Socialist Bloc,Away,Away,236.3,,8,7,,,4,3,0,4,,,4,,,6,,,5,,,6,,,,,1,4,,,5,,,,0,3,,,,,,,,6,5,3,,1,,,,,,,,,,,,,,,,,,,,
2009 SF1,Bulgaria,Former Socialist Bloc,English,Krassimir Avramov,"""Illusion""",?,16,7,Russia,Former Socialist Bloc,Away,Home,470.7,,0,0,,,0,0,0,,,,0,,,0,,,0,,,0,,0,,,5,0,,,0,,,,0,0,,,,,,,,0,0,2,,0,,,,,,,,,,,,,,,,,,,,
2009 SF1,Iceland,Scandinavia,English,Yohanna,"""Is It True?""",?,1,174,Russia,Former Socialist Bloc,Away,Away,32.5,,10,12,,,12,7,7,6,,,10,,,12,,,6,,,,,12,,,4,12,,,7,,,,12,10,,,,,,,,12,7,8,,8,,,,,,,,,,,,,,,,,,,,
2009 SF1,Macedonia,Former Yugoslavia,Macedonian,Next Time,"""Neshto shto ke ostane""",Something that will remain,10,45,Russia,Former Socialist Bloc,Away,Away,757.3,,0,0,,,0,0,8,10,,,3,,,0,,,0,,,0,,0,,,,0,,,10,,,,0,2,,,,,,,,0,6,6,,0,,,,,,,,,,,,,,,,,,,,
2009 SF1,Romania,Former Socialist Bloc,English,Elena,"""The Balkan Girls""",?,9,67,Russia,Former Socialist Bloc,Away,Home,210.2,,4,2,,,1,2,6,5,,,0,,,0,,,1,,,4,,8,,,7,2,,,6,,,,10,,,,,,,,,0,0,7,,2,,,,,,,,,,,,,,,,,,,,
2009 SF1,Finland ,Scandinavia,English,Waldo's People,"""Lose Control""",?,12,42,Russia,Former Socialist Bloc,Away,Away,88.8,,3,0,,,0,1,0,0,,,0,,,,,,0,,,12,,0,,,0,5,,,3,,,,3,1,,,,,,,,10,0,0,,4,,,,,,,,,,,,,,,,,,,,
2009 SF1,Portugal,Western Europe,Portuguese,Flor-de-Lis,"""Todas as ruas do amor""",All the streets of love,8,70,Russia,Former Socialist Bloc,Away,Away,197.5,,12,0,,,0,6,3,2,,,2,,,2,,,7,,,8,,2,,,0,0,,,0,,,,,7,,,,,,,,3,10,0,,6,,,,,,,,,,,,,,,,,,,,
2009 SF1,Malta,Western Europe,English,Chiara,"""What If We""",?,6,86,Russia,Former Socialist Bloc,Away,Away,57.3,,6,3,,,8,8,5,3,,,7,,,3,,,3,,,5,,5,,,0,,,,1,,,,6,6,,,,,,,,4,3,0,,10,,,,,,,,,,,,,,,,,,,,
2009 SF1,Bosnia and Herzegovina,Former Yugoslavia,Bosnian,Regina,"""Bistra voda""",Clear water,3,125,Russia,Former Socialist Bloc,Away,Away,25.3,,0,6,,,5,5,,7,,,8,,,8,,,8,,,3,,3,,,10,7,,,12,,,,7,5,,,,,,,,8,8,12,,3,,,,,,,,,,,,,,,,,,,,
2009 SF2,Croatia,Former Yugoslavia,Croatian,Igor Cukrov feat. Andrea,"""Lijepa Tena""",Beautiful Tena,13,33,Russia,Former Socialist Bloc,Away,Away,607.3,1,,,,0,,,,,,2,,0,0,,0,,,0,1,,0,,0,0,,,3,,,0,0,0,,,3,,12,,0,10,0,,,,1,,,,,,,,,,,,,,,,,,,,,
2009 SF2,Ireland,Independent,English,SinÇad Mulvey and Black Daisy,"""Et Cetera""",?,11,52,Russia,Former Socialist Bloc,Away,Away,224.5,7,,,,0,,,,,1,0,,10,4,,1,,,0,0,,,,5,7,,,2,,,3,4,3,,,0,,3,,0,2,0,,,,0,,,,,,,,,,,,,,,,,,,,,
2009 SF2,Latvia,Former Socialist Bloc,Russian,Intars Busulis,"""Probka""",Traffic jam,19,7,Russia,Former Socialist Bloc,Away,Home,787.7,0,,,,0,,,,,0,0,,0,1,,0,,,0,0,,0,,,6,,,0,,,0,0,0,,,0,,0,,0,0,0,,,,0,,,,,,,,,,,,,,,,,,,,,
2009 SF2,Serbia,Former Yugoslavia,Serbian,Marko Kon and Milaan,"""Cipela""",Shoe,10,60,Russia,Former Socialist Bloc,Away,Away,95.4,0,,,,0,,,,,12,4,,0,0,,12,,,5,2,,0,,0,0,,,0,,,6,2,0,,,0,,,,0,12,5,,,,0,,,,,,,,,,,,,,,,,,,,,
2009 SF2,Poland,Former Socialist Bloc,English,Lidia Kopania,"""I Don't Wanna Leave""",?,12,43,Russia,Former Socialist Bloc,Away,Home,454.2,6,,,,1,,,,,0,0,,3,0,,4,,,1,0,,10,,0,3,,,1,,,2,3,,,,0,,0,,3,0,0,,,,6,,,,,,,,,,,,,,,,,,,,,
2009 SF2,Norway,Scandinavia,English,Alexander Rybak,"""Fairytale""",?,1,201,Russia,Former Socialist Bloc,Away,Away,1.7,8,,,,12,,,,,8,8,,12,12,,3,,,8,10,,8,,10,12,,,10,,,12,,10,,,10,,8,,10,8,12,,,,10,,,,,,,,,,,,,,,,,,,,,
2009 SF2,Cyprus,Independent,English,Christina Metaxa,"""Firefly""",?,14,32,Russia,Former Socialist Bloc,Away,Away,271.0,0,,,,0,,,,,0,,,7,6,,0,,,12,0,,2,,1,1,,,0,,,0,0,0,,,0,,2,,1,0,0,,,,0,,,,,,,,,,,,,,,,,,,,,
2009 SF2,Slovakia,Former Socialist Bloc,Slovak,Kamil Mikul?°k and Nela,"""Le? tmou""",Fly through the darkness,18,8,Russia,Former Socialist Bloc,Away,Home,606.4,4,,,,0,,,,,0,0,,0,0,,0,,,0,0,,1,,0,0,,,0,,,0,0,0,,,1,,0,,,0,0,,,,2,,,,,,,,,,,,,,,,,,,,,
2009 SF2,Denmark,Scandinavia,English,Niels Brinck,"""Believe Again""",?,8,69,Russia,Former Socialist Bloc,Away,Away,88.8,5,,,,2,,,,,2,3,,,8,,0,,,2,3,,7,,3,5,,,0,,,7,12,1,,,0,,0,,0,5,4,,,,0,,,,,,,,,,,,,,,,,,,,,
2009 SF2,Slovenia,Former Yugoslavia,"English, Slovene",Quartissimo feat. Martina,"""Love Symphony""",?,16,14,Russia,Former Socialist Bloc,Away,Away,291.5,2,,,,0,,,,,7,0,,0,0,,0,,,0,0,,0,,0,0,,,0,,,0,0,0,,,0,,5,,0,,0,,,,0,,,,,,,,,,,,,,,,,,,,,
2009 SF2,Hungary,Former Socialist Bloc,English,Zoli µdok,"""Dance with Me""",?,15,16,Russia,Former Socialist Bloc,Away,Home,474.1,3,,,,8,,,,,0,0,,0,0,,0,,,0,,,0,,0,0,,,0,,,0,0,0,,,0,,0,,2,0,3,,,,0,,,,,,,,,,,,,,,,,,,,,
2009 SF2,Azerbaijan,Former Socialist Bloc,English,AySel and Arash,"""Always""",?,2,180,Russia,Former Socialist Bloc,Away,Home,12.4,0,,,,,,,,,6,10,,8,10,,10,,,7,12,,6,,8,10,,,12,,,8,6,12,,,12,,6,,12,6,7,,,,12,,,,,,,,,,,,,,,,,,,,,
2009 SF2,Greece,Western Europe,English,Sakis Rouvas,"""This Is Our Night""",?,4,110,Russia,Former Socialist Bloc,Away,Away,9.1,12,,,,4,,,,,3,12,,2,5,,6,,,,6,,0,,4,4,,,6,,,10,1,2,,,4,,10,,5,4,6,,,,4,,,,,,,,,,,,,,,,,,,,,
2009 SF2,Lithuania,Former Socialist Bloc,"English, Russian",Sasha Son,"""Love""",?,9,66,Russia,Former Socialist Bloc,Away,Home,270.2,0,,,,6,,,,,0,1,,5,7,,2,,,0,0,,12,,7,,,,4,,,0,7,4,,,5,,0,,0,0,1,,,,5,,,,,,,,,,,,,,,,,,,,,
2009 SF2,Moldova,Former Socialist Bloc,"Romanian, English",Nelly Ciobanu,"""Hora din Moldova""",Dance from Moldova,5,106,Russia,Former Socialist Bloc,Away,Home,260.9,0,,,,7,,,,,5,7,,0,2,,7,,,6,5,,5,,2,0,,,,,,4,10,5,,,8,,7,,7,3,8,,,,8,,,,,,,,,,,,,,,,,,,,,
2009 SF2,Albania,Former Socialist Bloc,English,Kejsi Tola,"""Carry Me in Your Dreams""",?,7,73,Russia,Former Socialist Bloc,Away,Home,146.9,,,,,5,,,,,10,0,,6,0,,5,,,10,4,,0,,0,0,,,5,,,1,5,6,,,2,,0,,4,7,0,,,,3,,,,,,,,,,,,,,,,,,,,,
2009 SF2,Ukraine,Former Socialist Bloc,English,Svetlana Loboda,"""Be My Valentine""",?,6,80,Russia,Former Socialist Bloc,Away,Home,27.6,0,,,,10,,,,,0,6,,0,3,,0,,,3,8,,3,,6,2,,,8,,,0,0,7,,,7,,1,,6,0,10,,,,,,,,,,,,,,,,,,,,,,,,,
2009 SF2,Estonia,Former Socialist Bloc,Estonian,Urban Symphony,"""RÑndajad""",Nomads,3,115,Russia,Former Socialist Bloc,Away,Home,62.2,0,,,,3,,,,,4,5,,4,,,8,,,4,7,,4,,12,8,,,7,,,5,8,8,,,6,,4,,8,1,2,,,,7,,,,,,,,,,,,,,,,,,,,,
2009 SF2,Netherlands,Western Europe,English,The Toppers,"""Shine""",?,17,11,Russia,Former Socialist Bloc,Away,Away,353.1,10,,,,0,,,,,0,0,,1,0,,0,,,0,0,,0,,0,0,,,0,,,,0,0,,,0,,0,,0,0,0,,,,0,,,,,,,,,,,,,,,,,,,,,
2008 SF1,Montenegro,Former Yugoslavia,Montenegrin,Stefan Filipovi?,"""Zauvijek volim te""",I love you forever,14,23,Serbia,Former Yugoslavia,Away,Home,840.6,,0,0,,0,,0,12,,,,,,0,0,,,0,0,,,0,0,,,,,0,,,0,0,0,,0,0,1,,,,10,0,,,,,,,,,,,,,,,,,,,,,,,,,
2008 SF1,Israel,Independent,"Hebrew, English",Boaz Ma'uda,"""The Fire in Your Eyes""",?,5,104,Serbia,Former Yugoslavia,Away,Away,120.0,,7,7,,10,,7,5,,,,,,0,10,,,4,5,,,0,,,,,,0,,5,6,10,4,,6,8,2,,,,4,4,,,,,,,,,,,,,,,,,,,,,,,,,
2008 SF1,Estonia,Former Socialist Bloc,"Serbian, German, Finnish",Kreisiraadio,"""Leto svet""",Summer light,18,8,Serbia,Former Yugoslavia,Away,Away,330.0,,0,0,,0,,0,0,,,,,,,7,,,0,0,,,0,0,,,,,1,,0,0,0,0,,0,0,0,,,,0,0,,,,,,,,,,,,,,,,,,,,,,,,,
2008 SF1,Moldova,Former Socialist Bloc,English,Geta Burlacu,"""A Century of Love""",?,12,36,Serbia,Former Yugoslavia,Away,Away,786.0,,1,6,,5,,0,0,,,,,,0,0,,,0,4,,,0,0,,,,,,,0,0,0,0,,10,5,5,,,,0,0,,,,,,,,,,,,,,,,,,,,,,,,,
2008 SF1,San Marino,Western Europe,Italian,Miodio,"""Complice""",Accomplice,19,5,Serbia,Former Yugoslavia,Away,Away,748.2,,2,0,,0,,0,0,,,,,,0,0,,,0,3,,,0,0,,,,,0,,0,0,0,0,,0,0,,,,,0,0,,,,,,,,,,,,,,,,,,,,,,,,,
2008 SF1,Belgium,Western Europe,Imaginary,Ishtar,"""O Julissi""",?,17,16,Serbia,Former Yugoslavia,Away,Away,153.9,,0,0,,0,,,0,,,,,,6,0,,,0,0,,,0,0,,,,,0,,0,10,0,0,,0,0,0,,,,0,0,,,,,,,,,,,,,,,,,,,,,,,,,
2008 SF1,Azerbaijan,Former Socialist Bloc,English,Elnur and Samir,"""Day After Day""",?,6,96,Serbia,Former Yugoslavia,Away,Away,90.4,,8,2,,,,5,3,,,,,,4,5,,,8,7,,,5,5,,,,,10,,3,4,0,10,,7,10,0,,,,0,0,,,,,,,,,,,,,,,,,,,,,,,,,
2008 SF1,Slovenia,Former Yugoslavia,"English, Slovene",Rebeka Dremelj,"""Vrag naj vzame""",To hell with it,11,36,Serbia,Former Yugoslavia,Away,Home,186.7,,0,4,,1,,0,10,,,,,,0,0,,,0,2,,,0,2,,,,,2,,10,0,0,2,,1,2,0,,,,,0,,,,,,,,,,,,,,,,,,,,,,,,,
2008 SF1,Norway,Scandinavia,English,Maria Haukaas Storeng,"""Hold On Be Strong""",?,4,106,Serbia,Former Yugoslavia,Away,Away,47.6,,10,8,,7,,1,4,,,,,,8,12,,,1,0,,,8,6,,,,,3,,4,5,,7,,4,7,7,,,,2,2,,,,,,,,,,,,,,,,,,,,,,,,,
2008 SF1,Poland,Former Socialist Bloc,English,Isis Gee,"""For Life""",?,10,42,Serbia,Former Yugoslavia,Away,Away,207.5,,0,1,,3,,0,0,,,,,,0,0,,,5,1,,,12,0,,,,,0,,0,0,2,,,2,3,10,,,,0,3,,,,,,,,,,,,,,,,,,,,,,,,,
2008 SF1,Ireland,Independent,English,Dustin the Turkey,"""Irelande Douze Pointe""","Ireland, twelve points",15,22,Serbia,Former Yugoslavia,Away,Away,14.8,,0,0,,0,,4,2,,,,,,7,2,,,0,0,,,,3,,,,,0,,1,1,1,0,,0,0,0,,,,0,1,,,,,,,,,,,,,,,,,,,,,,,,,
2008 SF1,Andorra,Western Europe,"English, Catalan",Gisela,"""Casanova""",?,16,22,Serbia,Former Yugoslavia,Away,Away,197.3,,,0,,0,,0,0,,,,,,3,0,,,0,0,,,1,4,,,,,0,,0,0,0,1,,0,0,0,,,,1,12,,,,,,,,,,,,,,,,,,,,,,,,,
2008 SF1,Bosnia and Herzegovina,Former Yugoslavia,Bosnian,Laka,"""Poku?aj""",Try,9,72,Serbia,Former Yugoslavia,Away,Home,28.6,,0,0,,4,,0,,,,,,,1,8,,,7,0,,,3,0,,,,,6,,12,7,12,0,,0,0,0,,,,12,0,,,,,,,,,,,,,,,,,,,,,,,,,
2008 SF1,Armenia,Former Socialist Bloc,"English, Armenian",Sirusho,"""QÇlÇ, QÇlÇ""","Come on, come on",2,139,Serbia,Former Yugoslavia,Away,Away,14.3,,3,,,0,,12,6,,,,,,2,4,,,10,12,,,2,10,,,,,5,,6,12,3,12,,5,12,8,,,,5,10,,,,,,,,,,,,,,,,,,,,,,,,,
2008 SF1,Netherlands,Western Europe,English,Hind,"""Your Heart Belongs to Me""",?,13,27,Serbia,Former Yugoslavia,Away,Away,524.4,,0,3,,2,,8,0,,,,,,0,0,,,0,0,,,0,1,,,,,0,,0,,7,0,,3,0,3,,,,0,0,,,,,,,,,,,,,,,,,,,,,,,,,
2008 SF1,Finland ,Scandinavia,Finnish,TerÑsbetoni,"""MissÑ miehet ratsastaa""",Where men ride,8,79,Serbia,Former Yugoslavia,Away,Away,31.2,,12,0,,0,,2,1,,,,,,12,,,,2,6,,,6,0,,,,,8,,2,0,6,5,,0,4,4,,,,3,6,,,,,,,,,,,,,,,,,,,,,,,,,
2008 SF1,Romania,Former Socialist Bloc,"Romanian, Italian",Nico and Vlad,"""Pe-o margine de lume""",On an edge of the world,7,94,Serbia,Former Yugoslavia,Away,Away,94.6,,6,5,,6,,6,0,,,,,,0,1,,,3,8,,,7,8,,,,,12,,0,3,5,3,,,1,6,,,,6,8,,,,,,,,,,,,,,,,,,,,,,,,,
2008 SF1,Russia,Former Socialist Bloc,English,Dima Bilan,"""Believe""",?,3,135,Serbia,Former Yugoslavia,Away,Away,2.5,,4,12,,8,,3,7,,,,,,10,6,,,6,10,,,4,12,,,,,7,,8,2,8,8,,8,,0,,,,7,5,,,,,,,,,,,,,,,,,,,,,,,,,
2008 SF1,Greece,Western Europe,English,Kalomira,"""Secret Combination""",?,1,156,Serbia,Former Yugoslavia,Away,Away,8.8,,5,10,,12,,10,8,,,,,,5,3,,,12,,,,10,7,,,,,4,,7,8,4,6,,12,6,12,,,,8,7,,,,,,,,,,,,,,,,,,,,,,,,,
2008 SF2,Iceland,Scandinavia,English,Euroband,"""This Is My Life""",?,8,68,Serbia,Former Yugoslavia,Away,Away,105.1,5,,,,,1,,,0,0,1,0,10,,,8,0,,,7,,,,2,2,0,5,,,,,,,5,,,,0,,,,,10,4,3,1,4,,,,,,,,,,,,,,,,,,,,
2008 SF2,Sweden,Scandinavia,English,Charlotte Perrelli,"""Hero""",?,12,54,Serbia,Former Yugoslavia,Away,Away,16.0,1,,,,,0,,,0,0,4,0,12,,,1,0,,,1,8,,,0,3,0,7,,,,,,,3,,,,3,,,,,,3,2,0,6,,,,,,,,,,,,,,,,,,,,
2008 SF2,Turkey,Independent,Turkish,Mor ve ôtesi,"""Deli""",Crazy,7,85,Serbia,Former Yugoslavia,Away,Away,33.9,12,,,,,3,,,7,0,0,0,8,,,10,5,,,4,0,,,0,0,8,0,,,,,,,0,,,,0,,,,,6,7,,5,10,,,,,,,,,,,,,,,,,,,,
2008 SF2,Ukraine,Former Socialist Bloc,English,Ani Lorak,"""Shady Lady""",?,1,152,Serbia,Former Yugoslavia,Away,Away,5.3,0,,,,,12,,,12,7,10,12,7,,,3,12,,,8,6,,,6,7,6,8,,,,,,,12,,,,8,,,,,3,1,12,,0,,,,,,,,,,,,,,,,,,,,
2008 SF2,Lithuania,Former Socialist Bloc,English,Jeronimas Milius,"""Nomads in the Night""",?,16,30,Serbia,Former Yugoslavia,Away,Away,631.3,0,,,,,0,,,0,0,0,0,0,,,0,10,,,0,0,,,12,,0,0,,,,,,,0,,,,0,,,,,0,0,0,0,8,,,,,,,,,,,,,,,,,,,,
2008 SF2,Albania,Former Socialist Bloc,Albanian,Olta Boka,"""Zemrân e lamâ peng""",Hearts trapped in time,9,67,Serbia,Former Yugoslavia,Away,Away,270.1,,,,,,5,,,0,10,0,1,0,,,5,0,,,0,1,,,0,0,12,0,,,,,,,2,,,,0,,,,,7,10,8,3,3,,,,,,,,,,,,,,,,,,,,
2008 SF2,Switzerland,Western Europe,Italian,Paolo Meneguzzi,"""Era stupendo""",It was wonderful,13,47,Serbia,Former Yugoslavia,Away,Away,90.3,10,,,,,0,,,0,5,7,0,5,,,7,0,,,0,0,,,0,0,1,12,,,,,,,0,,,,0,,,,,0,,0,0,0,,,,,,,,,,,,,,,,,,,,
2008 SF2,Czech Republic,Former Socialist Bloc,English,Tereza Kerndlov†,"""Have Some Fun""",?,18,9,Serbia,Former Yugoslavia,Away,Away,621.0,0,,,,,0,,,0,2,0,,0,,,0,0,,,0,0,,,0,0,5,1,,,,,,,0,,,,0,,,,,0,0,1,0,0,,,,,,,,,,,,,,,,,,,,
2008 SF2,Belarus,Former Socialist Bloc,English,Ruslan Alekhno,"""Hasta la Vista""",See You Soon,17,27,Serbia,Former Yugoslavia,Away,Away,302.2,0,,,,,,,,0,0,2,0,0,,,0,4,,,0,0,,,5,6,0,0,,,,,,,0,,,,0,,,,,0,0,0,10,0,,,,,,,,,,,,,,,,,,,,
2008 SF2,Latvia,Former Socialist Bloc,English,Pirates of the Sea,"""Wolves of the Sea""",?,6,86,Serbia,Former Yugoslavia,Away,Away,61.8,0,,,,,6,,,1,6,0,5,6,,,0,6,,,0,7,,,,12,4,6,,,,,,,10,,,,2,,,,,8,0,0,2,5,,,,,,,,,,,,,,,,,,,,
2008 SF2,Croatia,Former Yugoslavia,Croatian,Kraljevi Ulice and 75 cents,"""Romanca""",Romance,3,112,Serbia,Former Yugoslavia,Away,Home,248.0,3,,,,,7,,,6,,6,3,3,,,2,8,,,10,4,,,7,5,10,0,,,,,,,6,,,,10,,,,,4,6,5,7,0,,,,,,,,,,,,,,,,,,,,
2008 SF2,Bulgaria,Former Socialist Bloc,English,Deep Zone and Balthazar,"""DJ, Take Me Away""",?,11,56,Serbia,Former Yugoslavia,Away,Away,44.9,0,,,,,2,,,,1,8,2,0,,,6,0,,,3,5,,,1,1,7,2,,,,,,,1,,,,5,,,,,0,0,6,6,0,,,,,,,,,,,,,,,,,,,,
2008 SF2,Denmark,Scandinavia,English,Simon Mathew,"""All Night Long""",?,3,112,Serbia,Former Yugoslavia,Away,Away,106.3,4,,,,,4,,,2,3,5,10,,,,4,3,,,12,12,,,8,8,3,4,,,,,,,8,,,,0,,,,,12,5,0,4,1,,,,,,,,,,,,,,,,,,,,
2008 SF2,Georgia,Former Socialist Bloc,English,Diana Gurtskaya,"""Peace Will Come""",?,5,107,Serbia,Former Yugoslavia,Away,Away,84.0,0,,,,,10,,,4,0,12,8,0,,,0,,,,2,2,,,10,10,2,10,,,,,,,7,,,,7,,,,,1,0,10,12,0,,,,,,,,,,,,,,,,,,,,
2008 SF2,Hungary,Former Socialist Bloc,"English, Hungarian",CsÇzy,"""Candlelight""",?,19,6,Serbia,Former Yugoslavia,Away,Away,385.6,0,,,,,0,,,0,0,0,0,1,,,0,1,,,,0,,,0,0,0,0,,,,,,,0,,,,4,,,,,0,0,0,0,0,,,,,,,,,,,,,,,,,,,,
2008 SF2,Malta,Western Europe,English,Morena,"""Vodka""",?,14,38,Serbia,Former Yugoslavia,Away,Away,153.9,8,,,,,0,,,3,4,0,6,4,,,0,0,,,0,3,,,4,0,0,,,,,,,,4,,,,0,,,,,0,0,0,0,2,,,,,,,,,,,,,,,,,,,,
2008 SF2,Cyprus,Independent,Greek,Evdokia Kadi,"""Femme Fatale""",Fatal woman,15,36,Serbia,Former Yugoslavia,Away,Away,465.4,2,,,,,0,,,8,0,,0,0,,,0,2,,,5,0,,,0,0,0,0,,,,,,,0,,,,1,,,,,0,2,4,0,12,,,,,,,,,,,,,,,,,,,,
2008 SF2,Macedonia,Former Yugoslavia,English,"Tamara, Vr?ak and Adrijan","""Let Me Love You""",?,10,64,Serbia,Former Yugoslavia,Away,Home,456.2,7,,,,,0,,,10,12,0,4,2,,,0,0,,,0,0,,,0,0,,0,,,,,,,0,,,,12,,,,,2,8,7,0,0,,,,,,,,,,,,,,,,,,,,
2008 SF2,Portugal,Western Europe,Portuguese,VÉnia Fernandes,"""Senhora do mar (Negras †guas)""",Lady of the sea (Dark Waters),2,120,Serbia,Former Yugoslavia,Away,Away,59.0,6,,,,,8,,,5,8,3,7,0,,,12,7,,,6,10,,,3,4,0,3,,,,,,,,,,,6,,,,,5,12,0,8,7,,,,,,,,,,,,,,,,,,,,
2007 SF1,Bulgaria,Former Socialist Bloc,Bulgarian,Elitsa Todorova and Stoyan Yankoulov,"""Water""",?,5,146,Finland ,Scandinavia,Away,Away,18.4,1,0,1,6,,0,2,3,,6,12,10,0,0,2,8,3,4,10,8,0,0,6,0,0,7,3,5,,5,0,0,0,5,1,0,,0,,,3,10,0,0,12,2,6,,,,,,,,,,,,,,,,,,,,
2007 SF1,Israel,Independent,"English, French, Hebrew",Teapacks,"""Push the Button""",?,24,17,Finland ,Scandinavia,Away,Away,51.0,0,0,0,0,,0,0,0,0,0,0,2,0,3,0,6,0,0,0,0,1,0,,0,4,0,0,0,,0,0,0,0,0,0,1,,0,,,0,0,0,0,0,0,0,,,,,,,,,,,,,,,,,,,,
2007 SF1,Cyprus,Independent,French,Evridiki,"""Comme ci, comme áa""","Like this, like that",15,65,Finland ,Scandinavia,Away,Away,19.7,8,0,4,0,,0,5,0,7,0,,0,0,0,0,5,0,3,12,0,0,0,4,0,0,0,0,0,,0,0,0,0,0,7,0,,0,,,0,0,0,0,0,0,10,,,,,,,,,,,,,,,,,,,,
2007 SF1,Belarus,Former Socialist Bloc,English,Koldun,"""Work Your Magic""",?,4,176,Finland ,Scandinavia,Away,Away,10.8,4,0,12,0,,,0,2,6,0,10,5,1,7,0,0,4,0,7,2,4,6,4,10,10,4,7,12,,4,0,3,4,1,3,12,,4,,,0,0,3,0,5,12,0,,,,,,,,,,,,,,,,,,,,
2007 SF1,Iceland,Scandinavia,English,Eir°kur Hauksson,"""Valentine Lost""",?,13,77,Finland ,Scandinavia,Away,Home,76.5,0,0,0,0,,3,0,0,0,0,0,0,10,6,12,0,1,0,0,10,,0,0,6,5,0,0,0,,0,0,12,0,0,0,0,,0,,,0,0,12,0,0,0,0,,,,,,,,,,,,,,,,,,,,
2007 SF1,Georgia,Former Socialist Bloc,English,Sopho,"""Visionary Dream""",?,8,123,Finland ,Scandinavia,Away,Away,51.2,0,0,8,0,,8,1,0,3,0,7,0,0,10,4,0,,0,0,0,0,0,8,7,8,0,0,8,,0,5,0,3,0,0,10,,0,,,0,0,0,0,10,10,0,,,,,,,,,,,,,,,,,,,,
2007 SF1,Montenegro,Former Yugoslavia,Montenegrin,Stevan Faddy,"""'Ajde, kro?i""","Come on, step in",22,33,Finland ,Scandinavia,Away,Away,513.4,7,0,0,0,,0,0,5,0,5,0,0,0,0,0,0,0,0,0,0,0,0,0,0,0,3,0,0,,,0,0,0,0,0,0,,8,,,5,0,0,0,0,0,0,,,,,,,,,,,,,,,,,,,,
2007 SF1,Switzerland,Western Europe,English,DJ Bobo,"""Vampires Are Alive""",?,20,40,Finland ,Scandinavia,Away,Away,11.7,0,6,0,0,,0,0,0,0,1,2,0,3,2,0,0,0,8,2,0,0,0,0,4,0,0,10,0,,0,0,0,0,0,0,0,,0,,,2,0,0,,0,0,0,,,,,,,,,,,,,,,,,,,,
2007 SF1,Moldova,Former Socialist Bloc,English,Natalia Barbu,"""Fight""",?,10,91,Finland ,Scandinavia,Away,Away,40.7,0,0,7,0,,12,0,0,1,0,6,0,0,0,0,0,7,0,3,0,0,2,3,0,0,0,2,,,0,0,0,0,12,12,6,,0,,,0,6,0,0,8,6,0,,,,,,,,,,,,,,,,,,,,
2007 SF1,Netherlands,Western Europe,English,Edsilia Rombley,"""On Top of the World""",?,21,38,Finland ,Scandinavia,Away,Away,302.4,0,5,0,0,,0,10,0,0,0,0,0,4,0,0,0,0,0,0,5,0,0,1,0,0,0,8,0,,0,,1,0,3,0,0,,0,,,0,0,0,1,0,0,0,,,,,,,,,,,,,,,,,,,,
2007 SF1,Albania,Former Socialist Bloc,"English, Albanian",Frederik Ndoci,"""Hear My Plea""",?,17,49,Finland ,Scandinavia,Away,Away,525.3,,0,0,3,,0,0,4,2,3,0,0,0,0,0,0,0,1,8,0,0,0,0,0,0,10,0,0,,6,0,0,0,0,0,0,,0,,,0,0,0,7,4,0,1,,,,,,,,,,,,,,,,,,,,
2007 SF1,Denmark,Scandinavia,English,DQ,"""Drama Queen""",?,19,45,Finland ,Scandinavia,Away,Home,48.5,0,2,0,0,,0,0,0,0,0,0,0,,0,0,0,0,0,0,0,8,5,5,0,0,0,6,0,,0,1,4,0,0,0,0,,3,,,0,0,4,0,0,0,7,,,,,,,,,,,,,,,,,,,,
2007 SF1,Croatia,Former Yugoslavia,"Croatian, English",Dragonfly feat. Dado Topi?,"""Vjerujem u ljubav""",I believe in love,16,54,Finland ,Scandinavia,Away,Away,534.9,3,0,0,7,,0,0,10,0,,0,0,0,0,0,0,0,2,0,0,0,0,0,0,0,6,0,0,,7,0,0,0,0,0,0,,6,,,8,0,0,5,0,0,0,,,,,,,,,,,,,,,,,,,,
2007 SF1,Poland,Former Socialist Bloc,English,The Jet Set,"""Time To Party""",?,14,75,Finland ,Scandinavia,Away,Away,279.9,0,10,5,4,,5,0,0,0,0,3,0,2,0,0,3,6,5,0,3,2,10,0,1,3,2,0,0,,1,0,0,,0,0,0,,2,,,0,0,0,0,0,5,3,,,,,,,,,,,,,,,,,,,,
2007 SF1,Serbia,Former Yugoslavia,Serbian,Marija ?erifovi?,"""Molitva""",Prayer,1,298,Finland ,Scandinavia,Away,Away,2.7,2,0,10,12,,10,4,12,8,12,8,12,6,0,8,7,8,10,5,12,10,8,7,2,1,12,1,6,,12,10,8,5,4,6,8,,,,,12,5,10,12,0,8,5,,,,,,,,,,,,,,,,,,,,
2007 SF1,Czech Republic,Former Socialist Bloc,Czech,Kab†t,"""Mal† d†ma""",Little lady,28,1,Finland ,Scandinavia,Away,Away,319.7,0,0,0,0,,0,0,0,0,0,0,,0,1,0,0,0,0,0,0,0,0,0,0,0,0,0,0,,0,0,0,0,0,0,0,,0,,,0,0,0,0,0,0,0,,,,,,,,,,,,,,,,,,,,
2007 SF1,Portugal,Western Europe,"Portuguese, English, Spanish, French",Sabrina,"""Danáa comigo""",Come dance with me,11,88,Finland ,Scandinavia,Away,Away,479.4,0,12,6,0,,7,3,0,0,0,1,0,0,0,0,10,0,7,0,0,0,0,0,3,0,0,0,7,,0,4,0,10,,0,0,,1,,,1,8,0,8,0,0,0,,,,,,,,,,,,,,,,,,,,
2007 SF1,Macedonia,Former Yugoslavia,"Macedonian, English",Karolina,"""Mojot svet""",My world,9,97,Finland ,Scandinavia,Away,Away,94.8,10,0,0,5,,0,0,7,12,8,0,6,0,0,0,0,0,0,0,0,0,0,0,0,0,,0,0,,10,0,0,0,0,2,0,,10,,,10,0,5,6,6,0,0,,,,,,,,,,,,,,,,,,,,
2007 SF1,Norway,Scandinavia,"English, Spanish",Guri Schanke,"""Ven a bailar conmigo""",Come and dance with me,18,48,Finland ,Scandinavia,Away,Home,126.3,0,3,3,0,,0,0,0,0,0,0,0,7,4,1,0,0,0,0,1,7,0,0,0,0,0,2,1,,2,3,,2,2,0,0,,0,,,0,4,6,0,0,0,0,,,,,,,,,,,,,,,,,,,,
2007 SF1,Malta,Western Europe,English,Olivia Lewis,"""Vertigo""",?,25,15,Finland ,Scandinavia,Away,Away,62.6,6,0,0,0,,0,0,0,0,0,0,0,0,0,0,0,0,0,0,0,0,0,0,0,0,0,,0,,0,0,0,0,0,0,0,,0,,,0,0,0,0,7,0,2,,,,,,,,,,,,,,,,,,,,
2007 SF1,Andorra,Western Europe,"Catalan, English",Anonymous,"""Salvem el m¢n""",Let's save the world,12,80,Finland ,Scandinavia,Away,Away,49.7,0,,0,0,,4,0,0,0,2,0,7,0,5,5,0,0,0,4,0,6,4,2,0,2,1,0,0,,0,0,2,6,0,0,4,,0,,,4,12,2,0,2,0,0,,,,,,,,,,,,,,,,,,,,
2007 SF1,Hungary,Former Socialist Bloc,English,Magdi R£zsa,"""Unsubstantial Blues""",?,2,224,Finland ,Scandinavia,Away,Away,55.0,5,4,0,8,,1,7,1,4,7,4,8,12,8,10,2,10,6,0,,12,7,0,8,7,0,4,0,,0,8,10,8,10,10,3,,12,,,6,1,8,4,1,4,4,,,,,,,,,,,,,,,,,,,,
2007 SF1,Estonia,Former Socialist Bloc,English,Gerli Padar,"""Partners in Crime""",?,22,33,Finland ,Scandinavia,Away,Away,205.7,0,0,0,0,,0,0,0,0,0,0,0,0,,6,0,2,0,0,0,0,3,0,12,6,0,0,4,,0,0,0,0,0,0,0,,0,,,0,0,0,0,0,0,0,,,,,,,,,,,,,,,,,,,,
2007 SF1,Belgium,Western Europe,English,The KMG's,"""Love Power""",?,26,14,Finland ,Scandinavia,Away,Away,286.3,0,0,0,0,,0,,0,0,0,0,0,0,0,0,0,12,0,0,0,0,0,0,0,0,0,0,0,,0,2,0,0,0,0,0,,0,,,0,0,0,0,0,0,0,,,,,,,,,,,,,,,,,,,,
2007 SF1,Slovenia,Former Yugoslavia,Slovene,Alenka Gotar,"""Cvet z juga""",Flower of the south,7,140,Finland ,Scandinavia,Away,Away,64.5,0,8,0,2,,6,6,6,5,10,0,4,0,0,0,1,0,0,0,7,0,1,0,5,0,5,5,3,,8,6,5,7,7,4,5,,7,,,,7,0,0,3,7,0,,,,,,,,,,,,,,,,,,,,
2007 SF1,Turkey,Independent,English,Kenan Do?ulu,"""Shake It Up ?ekerim""",Shake it up sweetheart,3,197,Finland ,Scandinavia,Away,Away,53.8,12,7,2,10,,0,0,8,10,0,0,1,8,0,7,12,0,12,0,6,3,0,0,0,0,8,0,10,,8,12,6,1,0,8,7,,0,,,0,2,7,10,,1,12,,,,,,,,,,,,,,,,,,,,
2007 SF1,Austria,Western Europe,English,Eric Papilaya,"""Get a Life - Get Alive""",?,27,4,Finland ,Scandinavia,Away,Away,216.4,0,1,0,,,0,0,0,0,0,0,0,0,0,0,0,0,0,0,0,0,0,0,0,0,0,0,0,,0,0,0,0,0,0,0,,0,,,0,0,0,3,0,0,0,,,,,,,,,,,,,,,,,,,,
2007 SF1,Latvia,Former Socialist Bloc,Italian,Bonaparti.lv,"""Questa notte""",Tonight,6,168,Finland ,Scandinavia,Away,Away,17.9,0,0,0,1,,2,8,0,0,4,5,3,5,12,3,0,5,0,1,4,5,12,10,,12,0,12,2,,0,7,7,12,8,5,2,,0,,,7,0,1,2,0,3,8,,,,,,,,,,,,,,,,,,,,
2006 SF1,Armenia,Former Socialist Bloc,English,AndrÇ,"""Without Your Love""",?,6,150,Greece,Western Europe,Away,Away,124.3,3,0,,,,7,12,0,8,0,12,,0,0,0,12,,7,10,,0,0,10,0,0,0,0,2,0,,12,0,3,0,2,12,,,0,,0,12,3,3,10,7,3,,,,,,,,,,,,,,,,,,,,
2006 SF1,Bulgaria,Former Socialist Bloc,English,Mariana Popova,"""Let Me Cry""",?,17,36,Greece,Western Europe,Away,Away,564.8,8,0,0,,,0,0,0,,0,8,,0,0,0,4,,0,3,,0,0,0,0,0,6,0,0,0,,0,0,0,1,0,0,,,0,,0,5,0,0,1,0,0,,,,,,,,,,,,,,,,,,,,
2006 SF1,Slovenia,Former Yugoslavia,English,An?ej De?an,"""Mr Nobody""",?,16,49,Greece,Western Europe,Away,Away,197.9,7,0,2,,,2,0,7,0,6,0,,0,0,1,0,,0,0,,0,0,4,0,0,3,5,0,3,,0,0,0,0,0,0,,,7,,,0,0,0,0,2,0,,,,,,,,,,,,,,,,,,,,
2006 SF1,Andorra,Western Europe,Catalan,Jenny,"""Sense tu""",Without You,23,8,Greece,Western Europe,Away,Home,760.2,0,,0,,,0,0,0,0,0,0,,0,0,0,0,,0,0,,0,0,0,0,0,0,0,0,0,,0,0,0,0,0,0,,,0,,0,8,0,0,0,0,0,,,,,,,,,,,,,,,,,,,,
2006 SF1,Belarus,Former Socialist Bloc,English,Polina Smolova,"""Mum""",?,22,10,Greece,Western Europe,Away,Away,670.1,0,0,0,,,,0,0,0,0,0,,0,0,0,0,,0,0,,0,0,0,0,0,0,0,3,0,,0,0,0,0,0,6,,,0,,0,0,0,0,0,1,0,,,,,,,,,,,,,,,,,,,,
2006 SF1,Albania,Former Socialist Bloc,Albanian,Luiz Ejlli,"""Zjarr e ftohtâ""",Fire and Cold,14,58,Greece,Western Europe,Away,Away,685.4,,0,1,,,0,0,5,0,7,0,,0,0,0,0,,3,7,,0,0,0,0,0,12,0,0,0,,0,3,0,0,0,2,,,0,,1,0,2,10,3,0,2,,,,,,,,,,,,,,,,,,,,
2006 SF1,Belgium,Western Europe,English,Kate Ryan,"""Je t'adore""",I Adore You,12,69,Greece,Western Europe,Away,Home,54.8,0,7,0,,,0,,0,0,0,1,,3,3,3,3,,0,0,,4,5,0,0,2,0,8,0,6,,7,0,4,2,0,0,,,0,,5,2,5,0,0,0,0,,,,,,,,,,,,,,,,,,,,
2006 SF1,Ireland,Independent,English,Brian Kennedy,"""Every Song Is a Cry for Love""",?,9,79,Greece,Western Europe,Away,Away,48.2,1,0,0,,,0,3,0,0,0,0,,5,6,4,0,,0,0,,2,,5,4,4,0,6,1,7,,3,6,2,4,0,1,,,1,,3,0,1,2,0,0,8,,,,,,,,,,,,,,,,,,,,
2006 SF1,Cyprus,Independent,English,Annet Artani,"""Why Angels Cry""",?,15,57,Greece,Western Europe,Away,Away,138.1,4,0,7,,,1,0,0,2,0,,,0,0,0,0,,2,12,,0,0,0,0,0,0,4,0,10,,0,0,0,0,4,0,,,0,,0,0,0,1,0,3,7,,,,,,,,,,,,,,,,,,,,
2006 SF1,Monaco,Western Europe,"French, Tahitian",SÇverine Ferrer,"""La Coco-Dance""",The Coco Dance,21,14,Greece,Western Europe,Away,Home,263.0,0,3,0,,,0,0,0,0,0,0,,0,2,0,8,,0,0,,0,0,0,0,0,0,0,0,,,0,0,1,0,0,0,,,0,,0,0,0,0,0,0,0,,,,,,,,,,,,,,,,,,,,
2006 SF1,Macedonia,Former Yugoslavia,"English, Macedonian",Elena Risteska,"""Ninanajna""",?,10,76,Greece,Western Europe,Away,Away,67.6,12,0,8,,,0,0,10,5,8,0,,0,0,0,0,,0,0,,0,0,0,0,0,,0,0,0,,0,0,0,0,1,0,,,10,,8,0,0,6,8,0,0,,,,,,,,,,,,,,,,,,,,
2006 SF1,Poland,Former Socialist Bloc,"English, Polish, German, Russian",Ich Troje feat. Real McCoy,"""Follow My Heart""",?,11,70,Greece,Western Europe,Away,Away,377.5,0,0,3,,,4,1,0,0,0,0,,0,0,0,2,,6,2,,3,7,2,3,8,0,1,4,0,,2,2,,0,0,5,,,0,,0,4,0,0,0,10,1,,,,,,,,,,,,,,,,,,,,
2006 SF1,Russia,Former Socialist Bloc,English,Dima Bilan,"""Never Let You Go""",?,3,217,Greece,Western Europe,Away,Away,17.8,0,4,12,,,12,2,4,12,3,10,,1,10,6,0,,5,5,,6,4,12,12,12,5,7,12,0,,1,4,8,7,7,,,,6,,4,0,7,0,4,12,0,,,,,,,,,,,,,,,,,,,,
2006 SF1,Turkey,Independent,Turkish,Sibel TÅzÅn,"""SÅper Star""",Superstar,8,91,Greece,Western Europe,Away,Away,139.4,6,0,0,,,0,8,12,1,0,0,,6,0,0,10,,8,0,,0,0,3,0,0,8,0,0,0,,10,1,0,0,10,0,,,0,,0,0,0,8,,0,0,,,,,,,,,,,,,,,,,,,,
2006 SF1,Ukraine,Former Socialist Bloc,English,Tina Karol,"""Show Me Your Love""",?,7,146,Greece,Western Europe,Away,Away,38.0,0,6,10,,,10,0,3,3,2,6,,0,4,2,0,,0,4,,5,3,8,6,6,2,3,10,2,,0,0,6,10,8,10,,,5,,2,3,0,0,7,,0,,,,,,,,,,,,,,,,,,,,
2006 SF1,Finland ,Scandinavia,English,Lordi,"""Hard Rock Hallelujah""",?,1,292,Greece,Western Europe,Away,Away,2.5,0,10,0,,,8,10,8,7,10,7,,10,12,,5,,12,8,,12,10,7,8,10,7,10,5,0,,6,8,12,8,5,8,,,8,,10,10,12,5,6,6,12,,,,,,,,,,,,,,,,,,,,
2006 SF1,Netherlands,Western Europe,"English, Imaginary",Treble,"""Amambanda""",?,20,22,Greece,Western Europe,Away,Home,392.8,2,2,4,,,0,4,0,0,0,3,,0,0,0,0,,0,0,,1,0,0,0,1,0,0,0,0,,,0,0,0,0,0,,,0,,0,0,0,0,5,0,0,,,,,,,,,,,,,,,,,,,,
2006 SF1,Lithuania,Former Socialist Bloc,"English, French",LT United,"""We Are The Winners""",?,5,163,Greece,Western Europe,Away,Away,89.5,0,5,0,,,6,7,2,6,5,4,,4,8,8,0,,1,1,,8,12,0,10,,4,0,6,4,,5,5,10,5,3,4,,,3,,6,0,4,0,2,5,10,,,,,,,,,,,,,,,,,,,,
2006 SF1,Portugal,Western Europe,"English, Portuguese",Nonstop,"""Coisas de nada""",Meaningless Things,19,26,Greece,Western Europe,Away,Home,753.9,0,12,0,,,0,0,0,0,0,0,,0,0,0,7,,0,0,,0,0,0,0,0,0,0,0,0,,0,0,0,,0,0,,,0,,0,0,0,7,0,0,0,,,,,,,,,,,,,,,,,,,,
2006 SF1,Sweden,Scandinavia,English,Carola,"""Invincible""",?,4,214,Greece,Western Europe,Away,Away,5.2,5,8,6,,,5,5,6,4,4,2,,12,7,10,0,,4,0,,10,8,6,5,5,1,12,7,8,,4,10,7,12,6,3,,,4,,7,7,,4,0,4,6,,,,,,,,,,,,,,,,,,,,
2006 SF1,Estonia,Former Socialist Bloc,English,Sandra Oxenryd,"""Through My Window""",?,18,28,Greece,Western Europe,Away,Away,146.5,0,0,0,,,0,0,0,0,0,0,,2,,5,0,,0,0,,0,1,0,7,0,0,0,0,5,,0,0,0,0,0,0,,,0,,0,0,8,0,0,0,0,,,,,,,,,,,,,,,,,,,,
2006 SF1,Bosnia and Herzegovina,Former Yugoslavia,Bosnian,Hari Mata Hari,"""Lejla""",Layla,2,267,Greece,Western Europe,Away,Away,9.7,10,1,5,,,3,6,,10,12,5,,8,1,12,6,,10,6,,7,6,1,2,3,10,2,8,12,,8,12,5,6,12,7,,,12,,12,1,10,12,12,8,4,,,,,,,,,,,,,,,,,,,,
2006 SF1,Iceland,Scandinavia,English,Silvia Night,"""Congratulations""",?,13,62,Greece,Western Europe,Away,Away,153.2,0,0,0,,,0,0,1,0,1,0,,7,5,7,1,,0,0,,,2,0,1,7,0,0,0,1,,0,7,0,3,0,0,,,2,,0,6,6,0,0,0,5,,,,,,,,,,,,,,,,,,,,
2005 SF1,Austria,Western Europe,"English, Spanish",Global.Kryner,"""Y as°""",Like That,21,30,Ukraine,Former Socialist Bloc,Away,Away,286.1,5,7,,,,0,0,0,0,0,0,,0,0,0,0,,1,1,0,0,0,0,0,0,0,0,0,0,,0,0,0,0,0,0,,,0,,10,0,0,6,0,0,0,,,,,,,,,,,,,,,,,,,,
2005 SF1,Lithuania,Former Socialist Bloc,English,Laura and The Lovers,"""Little by Little""",?,25,17,Ukraine,Former Socialist Bloc,Away,Home,149.4,0,0,,0,,0,0,0,0,0,0,,0,0,0,0,,0,0,0,0,5,0,8,,0,0,0,0,,0,0,0,0,0,0,,,0,,0,0,0,0,0,0,4,,,,,,,,,,,,,,,,,,,,
2005 SF1,Portugal,Western Europe,"English, Portuguese",2B,"""Amar""",To Love,17,51,Ukraine,Former Socialist Bloc,Away,Away,561.6,0,0,,0,,0,10,0,0,0,0,,0,0,0,12,,12,0,0,0,0,0,0,0,0,0,0,0,,0,0,0,,0,0,,,0,,0,5,0,12,0,0,0,,,,,,,,,,,,,,,,,,,,
2005 SF1,Moldova,Former Socialist Bloc,"English, Romanian",Zdob ?i Zdub,"""Boonika bate doba""",Grandmamma Beats The Drum,2,207,Ukraine,Former Socialist Bloc,Away,Home,35.2,3,0,,8,,10,4,6,6,4,8,,0,5,3,5,,0,6,6,8,3,10,10,10,10,0,,0,,0,1,6,8,12,12,,,6,,7,1,0,0,12,12,5,,,,,,,,,,,,,,,,,,,,
2005 SF1,Latvia,Former Socialist Bloc,English,Walters and Kazha,"""The War Is Not Over""",?,10,85,Ukraine,Former Socialist Bloc,Away,Home,20.9,0,0,,0,,7,0,0,0,7,2,,5,10,0,0,,0,0,0,2,6,6,,12,0,12,0,0,,0,3,0,4,0,1,,,0,,6,0,0,0,0,2,0,,,,,,,,,,,,,,,,,,,,
2005 SF1,Monaco,Western Europe,French,Lise Darly,"""Tout de moi""",All of Me,24,22,Ukraine,Former Socialist Bloc,Away,Away,544.7,0,10,,0,,0,0,0,0,0,0,,0,0,0,10,,0,0,0,0,0,0,0,0,0,0,2,,,0,0,0,0,0,0,,,0,,0,0,0,0,0,0,0,,,,,,,,,,,,,,,,,,,,
2005 SF1,Israel,Independent,"English, Hebrew",Shiri Maimon,"""Hasheket Shenish'ar""",The Silence That Remains,7,158,Ukraine,Former Socialist Bloc,Away,Away,22.8,7,12,,0,,12,3,0,4,0,3,,4,0,1,8,,3,0,5,0,7,,0,2,1,6,5,12,,10,0,4,6,8,8,,,3,,0,4,0,3,6,5,6,,,,,,,,,,,,,,,,,,,,
2005 SF1,Belarus,Former Socialist Bloc,English,Angelica Agurbash,"""Love Me Tonight""",?,13,67,Ukraine,Former Socialist Bloc,Away,Home,53.2,0,0,,0,,,0,0,12,0,7,,0,0,0,0,,0,8,0,0,0,2,3,3,6,7,0,1,,0,0,1,0,0,10,,,0,,0,0,0,0,3,4,0,,,,,,,,,,,,,,,,,,,,
2005 SF1,Netherlands,Western Europe,English,Glennis Grace,"""My Impossible Dream""",?,14,53,Ukraine,Former Socialist Bloc,Away,Away,66.7,0,5,,0,,0,12,0,0,0,0,,6,0,0,0,,0,0,0,0,4,5,0,0,0,8,0,8,,,0,0,0,1,0,,,0,,0,0,0,2,0,0,2,,,,,,,,,,,,,,,,,,,,
2005 SF1,Iceland,Scandinavia,English,Selma,"""If I Had Your Love""",?,16,52,Ukraine,Former Socialist Bloc,Away,Away,28.4,0,6,,0,,0,0,0,0,0,0,,10,0,0,2,,0,0,0,,0,4,0,0,0,0,10,0,,0,8,0,0,0,0,,,0,,0,2,7,0,0,0,3,,,,,,,,,,,,,,,,,,,,
2005 SF1,Belgium,Western Europe,French,Nuno Resende,"""Le grand soir""",The Big Night,22,29,Ukraine,Former Socialist Bloc,Away,Away,596.7,1,0,,0,,0,,0,0,0,0,,0,0,0,7,,0,0,0,0,0,0,0,0,0,0,3,0,,6,0,0,12,0,0,,,0,,0,0,0,0,0,0,0,,,,,,,,,,,,,,,,,,,,
2005 SF1,Estonia,Former Socialist Bloc,English,Suntribe,"""Let's Get Loud""",?,20,31,Ukraine,Former Socialist Bloc,Away,Home,96.3,0,0,,0,,0,0,0,0,0,0,,3,,6,0,,0,0,1,0,1,0,12,5,0,0,1,0,,0,0,0,0,0,0,,,0,,2,0,0,0,0,0,0,,,,,,,,,,,,,,,,,,,,
2005 SF1,Norway,Scandinavia,English,Wig Wam,"""In My Dreams""",?,6,164,Ukraine,Former Socialist Bloc,Away,Away,7.6,2,0,,2,,5,2,7,2,0,4,,12,6,12,0,,0,4,0,12,10,7,6,6,2,3,8,0,,2,,7,1,7,0,,,4,,3,0,8,5,2,6,7,,,,,,,,,,,,,,,,,,,,
2005 SF1,Romania,Former Socialist Bloc,English,Lumini?a Anghel and Sistem,"""Let Me Try""",?,1,235,Ukraine,Former Socialist Bloc,Away,Home,19.3,0,4,,10,,3,8,5,5,1,12,,7,1,4,6,,7,12,12,5,8,12,0,0,5,10,12,7,,8,7,8,10,,3,,,5,,1,12,5,4,7,1,8,,,,,,,,,,,,,,,,,,,,
2005 SF1,Hungary,Former Socialist Bloc,Hungarian,NOX,"""Forogj, vil†g!""","Spin, World",5,167,Ukraine,Former Socialist Bloc,Away,Home,12.8,0,1,,7,,4,6,3,7,8,6,,1,4,5,4,,0,5,,7,0,8,5,0,4,2,0,0,,0,6,12,7,10,7,,,8,,4,3,3,1,8,10,1,,,,,,,,,,,,,,,,,,,,
2005 SF1,Finland ,Scandinavia,English,Geir Rînning,"""Why?""",?,18,50,Ukraine,Former Socialist Bloc,Away,Away,177.5,0,3,,0,,0,0,0,0,0,0,,8,8,,0,,4,0,0,0,0,0,0,0,0,0,0,6,,1,10,0,0,0,0,,,0,,0,0,10,0,0,0,0,,,,,,,,,,,,,,,,,,,,
2005 SF1,Macedonia,Former Yugoslavia,English,Martin Vu?i?,"""Make My Day""",?,9,97,Ukraine,Former Socialist Bloc,Away,Away,257.8,12,0,,4,,0,0,10,10,12,0,,0,0,0,0,,2,0,0,0,0,0,0,0,,0,0,3,,3,0,0,0,4,0,,,10,,8,0,1,8,10,0,0,,,,,,,,,,,,,,,,,,,,
2005 SF1,Andorra,Western Europe,Catalan,Marian van de Wal,"""La mirada interior""",The Inner Glance,23,27,Ukraine,Former Socialist Bloc,Away,Away,548.6,6,,,0,,0,0,0,0,0,0,,0,0,0,0,,0,0,0,0,0,0,0,0,0,0,4,0,,7,0,0,0,0,0,,,0,,0,10,0,0,0,0,0,,,,,,,,,,,,,,,,,,,,
2005 SF1,Switzerland,Western Europe,English,Vanilla Ninja,"""Cool Vibes""",?,8,114,Ukraine,Former Socialist Bloc,Away,Away,12.5,0,0,,1,,8,0,2,3,3,5,,2,12,10,0,,6,3,3,6,2,3,7,8,3,1,0,2,,0,2,5,2,2,2,,,2,,5,0,4,,0,0,0,,,,,,,,,,,,,,,,,,,,
2005 SF1,Croatia,Former Yugoslavia,Croatian,Boris Novkovi? feat. Lado Members,"""Vukovi umiru sami""",Wolves Die Alone,4,169,Ukraine,Former Socialist Bloc,Away,Away,102.7,10,0,,12,,1,1,12,8,,0,,0,3,2,0,,10,0,8,4,0,0,4,4,12,0,6,5,,4,4,3,3,6,0,,,12,,12,0,6,10,0,7,0,,,,,,,,,,,,,,,,,,,,
2005 SF1,Bulgaria,Former Socialist Bloc,English,Kaffe,"""Lorraine""",?,19,49,Ukraine,Former Socialist Bloc,Away,Home,506.2,4,0,,0,,0,0,1,,0,10,,0,0,0,0,,0,7,0,0,0,0,0,0,8,0,7,0,,0,0,0,0,0,0,,,1,,0,6,0,0,5,0,0,,,,,,,,,,,,,,,,,,,,
2005 SF1,Ireland,Independent,English,Donna and Joe,"""Love?""",?,14,53,Ukraine,Former Socialist Bloc,Away,Away,133.7,0,2,,0,,0,0,4,1,5,1,,0,2,0,0,,0,0,10,0,,0,0,0,0,5,0,0,,0,0,2,0,5,0,,,0,,0,0,0,0,4,0,12,,,,,,,,,,,,,,,,,,,,
2005 SF1,Slovenia,Former Yugoslavia,Slovene,Omar Naber,"""Stop""",?,12,69,Ukraine,Former Socialist Bloc,Away,Away,263.5,8,0,,3,,2,0,8,0,10,0,,0,0,7,0,,0,0,2,1,0,1,0,0,7,0,0,4,,0,0,0,0,0,6,,,7,,,0,0,0,0,3,0,,,,,,,,,,,,,,,,,,,,
2005 SF1,Denmark,Scandinavia,English,Jakob Sveistrup,"""Talking to You""",?,3,185,Ukraine,Former Socialist Bloc,Away,Away,31.5,0,8,,6,,0,7,0,0,6,0,,,7,8,1,,5,2,7,10,12,0,2,7,0,4,0,10,,12,12,10,5,3,4,,,0,,0,8,12,7,0,0,10,,,,,,,,,,,,,,,,,,,,
2005 SF1,Poland,Former Socialist Bloc,"Polish, Russian",Ivan and Delfin,"""Czarna dziewczyna""",Black-Haired Girl,11,81,Ukraine,Former Socialist Bloc,Away,Home,319.7,0,0,,5,,6,5,0,0,2,0,,0,0,0,3,,8,10,4,3,0,0,1,1,0,0,0,0,,5,5,,0,0,5,,,0,,0,7,2,0,1,8,0,,,,,,,,,,,,,,,,,,,,
2004 SF1,Finland ,Scandinavia,English,Jari SillanpÑÑ,"""Takes 2 To Tango""",?,14,51,Turkey,Independent,Away,Away,71.8,7,0,,0,,0,1,0,,0,6,,0,7,,,,0,5,,3,0,0,0,0,2,0,,6,,0,3,,0,0,,,,0,,0,3,8,0,0,0,0,,,,,,,,,,,,,,,,,,,,
2004 SF1,Belarus,Former Socialist Bloc,English,Aleksandra and Konstantin,"""My Galileo""",?,19,10,Turkey,Independent,Away,Away,92.7,0,0,,0,,,0,0,,0,0,,0,2,0,,,0,0,,1,0,0,0,2,0,0,,0,,0,0,,0,0,,,,0,,0,0,0,0,0,5,0,,,,,,,,,,,,,,,,,,,,
2004 SF1,Switzerland,Western Europe,English,Piero and the MusicStars,"""Celebrate""",?,22,0,Turkey,Independent,Away,Away,188.3,0,0,,0,,0,0,0,,0,0,,0,0,0,,,0,0,,0,0,0,0,0,0,0,,0,,0,0,,0,0,,,,0,,0,0,0,,0,0,0,,,,,,,,,,,,,,,,,,,,
2004 SF1,Latvia,Former Socialist Bloc,Latvian,Fomins and Kleins,"""Dziesma par laimi""",A Song About Happiness,17,23,Turkey,Independent,Away,Away,167.8,0,0,,0,,4,0,0,,0,0,,0,5,0,,,0,0,,0,4,2,,6,0,0,,2,,0,0,,0,0,,,,0,,0,0,0,0,0,0,0,,,,,,,,,,,,,,,,,,,,
2004 SF1,Israel,Independent,"English, Hebrew",David D'Or,"""Leha'amin""",To Believe,11,57,Turkey,Independent,Away,Away,131.0,5,3,,1,,3,2,0,,0,2,,2,0,2,,,1,3,,0,0,,0,0,0,6,,0,,2,0,,7,5,,,,3,,0,4,0,0,4,0,2,,,,,,,,,,,,,,,,,,,,
2004 SF1,Andorra,Western Europe,Catalan,Marta Roure,"""Jugarem a estimar-nos""",We'll Be Playing at Loving Each Other,18,12,Turkey,Independent,Away,Away,133.6,0,,,0,,0,0,0,,0,0,,0,0,0,,,0,0,,0,0,0,0,0,0,0,,0,,0,0,,0,0,,,,0,,0,12,0,0,0,0,0,,,,,,,,,,,,,,,,,,,,
2004 SF1,Portugal,Western Europe,Portuguese,Sofia Vit¢ria,"""Foi magia""",It Was Magic,15,38,Turkey,Independent,Away,Away,254.3,0,12,,0,,0,4,0,,0,0,,0,0,0,,,0,0,,0,0,0,0,0,0,0,,1,,0,0,,,8,,,,0,,0,6,0,7,0,0,0,,,,,,,,,,,,,,,,,,,,
2004 SF1,Malta,Western Europe,English,Julie and Ludwig,"""On Again... Off Again""",?,8,74,Turkey,Independent,Away,Away,35.3,6,5,,0,,1,0,4,,1,0,,4,10,0,,,0,1,,2,1,6,7,7,4,,,0,,3,0,,4,0,,,,0,,1,0,0,0,0,2,5,,,,,,,,,,,,,,,,,,,,
2004 SF1,Monaco,Western Europe,French,Maryon,"""Notre planäte""",Our Planet,19,10,Turkey,Independent,Away,Away,154.7,2,4,,0,,0,0,0,,0,4,,0,0,0,,,0,0,,0,0,0,0,0,0,0,,,,0,0,,0,0,,,,0,,0,0,0,0,0,0,0,,,,,,,,,,,,,,,,,,,,
2004 SF1,Greece,Western Europe,English,Sakis Rouvas,"""Shake It""",?,3,238,Turkey,Independent,Away,Away,5.2,12,8,,5,,8,10,5,,6,12,,3,4,5,,,10,,,6,2,12,6,8,7,12,,4,,6,5,,8,12,,,,10,,4,7,4,3,12,10,12,,,,,,,,,,,,,,,,,,,,
2004 SF1,Ukraine,Former Socialist Bloc,"English, Ukrainian",Ruslana,"""Wild Dances""",?,2,256,Turkey,Independent,Away,Away,2.4,3,10,,4,,12,8,5,,8,8,,6,12,8,,,6,7,,10,10,10,10,12,8,10,,5,,7,7,,12,7,,,,8,,8,10,6,2,8,,7,,,,,,,,,,,,,,,,,,,,
2004 SF1,Lithuania,Former Socialist Bloc,English,Linas and Simona,"""What's Happened To Your Love?""",?,16,26,Turkey,Independent,Away,Away,189.9,0,0,,0,,2,0,0,,0,7,,0,0,0,,,0,2,,0,3,1,8,,0,3,,0,,0,0,,0,0,,,,0,,0,0,0,0,0,0,0,,,,,,,,,,,,,,,,,,,,
2004 SF1,Albania,Former Socialist Bloc,English,Anjeza Shahini,"""The Image of You""",?,4,167,Turkey,Independent,Away,Away,42.0,,6,,7,,0,5,6,,7,1,,7,1,6,,,8,8,,4,5,4,5,0,12,8,,3,,5,8,,2,6,,,,6,,5,2,7,10,6,1,6,,,,,,,,,,,,,,,,,,,,
2004 SF1,Cyprus,Independent,English,Lisa Andreas,"""Stronger Every Minute""",?,5,149,Turkey,Independent,Away,Away,10.0,0,2,,6,,6,6,0,,2,,,5,6,7,,,4,12,,8,8,3,3,4,0,5,,12,,10,4,,3,1,,,,2,,3,1,3,1,5,7,10,,,,,,,,,,,,,,,,,,,,
2004 SF1,Macedonia,Former Yugoslavia,English,To?e Proeski,"""Life""",?,10,71,Turkey,Independent,Away,Away,221.6,8,0,,2,,0,0,8,,5,0,,1,0,0,,,3,4,,0,0,0,0,0,,1,,0,,1,0,,0,4,,,,12,,6,0,2,5,3,6,0,,,,,,,,,,,,,,,,,,,,
2004 SF1,Slovenia,Former Yugoslavia,English,Platin,"""Stay Forever""",?,21,5,Turkey,Independent,Away,Away,140.4,0,0,,0,,0,0,1,,3,0,,0,0,0,,,0,0,,0,0,0,0,0,1,0,,0,,0,0,,0,0,,,,0,,0,0,0,0,0,0,0,,,,,,,,,,,,,,,,,,,,
2004 SF1,Estonia,Former Socialist Bloc,V‰ro,Neiok‰s‰,"""Tii""",Path,11,57,Turkey,Independent,Away,Away,105.7,1,0,,0,,0,0,0,,0,0,,0,,12,,,0,0,,7,0,0,12,10,0,0,,0,,0,1,,5,0,,,,4,,0,0,1,0,0,3,1,,,,,,,,,,,,,,,,,,,,
2004 SF1,Croatia,Former Yugoslavia,English,Ivan Mikuli?,"""You Are The Only One""",?,9,72,Turkey,Independent,Away,Away,223.5,0,0,,8,,7,0,10,,,0,,0,0,1,,,5,0,,0,0,0,1,3,6,0,,0,,4,0,,1,0,,,,5,,7,0,0,6,0,8,0,,,,,,,,,,,,,,,,,,,,
2004 SF1,Denmark,Scandinavia,English,Thomas Thordarson,"""Shame on You""",?,13,56,Turkey,Independent,Away,Away,28.6,0,0,,0,,0,0,3,,0,3,,,3,4,,,0,0,,12,0,5,0,0,0,2,,10,,0,6,,0,2,,,,0,,0,0,5,0,1,0,0,,,,,,,,,,,,,,,,,,,,
2004 SF1,Serbia and Montenegro,Former Yugoslavia,Serbian,?eljko Joksimovi?,"""Lane moje""",My Sweetheart,1,263,Turkey,Independent,Away,Away,6.6,4,1,,12,,10,7,12,,12,10,,10,0,10,,,12,10,,0,6,8,4,1,10,4,,7,,12,10,,10,10,,,,,,12,8,12,12,7,12,8,,,,,,,,,,,,,,,,,,,,
2004 SF1,Bosnia and Herzegovina,Former Yugoslavia,English,Deen,"""In The Disco""",?,7,133,Turkey,Independent,Away,Away,64.2,10,0,,10,,0,3,,,10,0,,12,0,0,,,7,0,,0,7,0,0,0,5,0,,0,,8,12,,0,0,,,,7,,10,0,10,8,10,0,4,,,,,,,,,,,,,,,,,,,,
2004 SF1,Netherlands,Western Europe,English,Re-Union,"""Without You""",?,6,146,Turkey,Independent,Away,Away,136.5,0,7,,3,,5,12,2,,4,5,,8,8,3,,,2,6,,5,12,7,2,5,3,7,,8,,,2,,6,3,,,,1,,2,5,0,4,2,4,3,,,,,,,,,,,,,,,,,,,,
